Link Name,Center of Mass X,Center of Mass Y,Center of Mass Z,Center of Mass Roll,Center of Mass Pitch,Center of Mass Yaw,Mass,Moment Ixx,Moment Ixy,Moment Ixz,Moment Iyy,Moment Iyz,Moment Izz,Visual X,Visual Y,Visual Z,Visual Roll,Visual Pitch,Visual Yaw,Mesh Filename,Color Red,Color Green,Color Blue,Color Alpha,Collision X,Collision Y,Collision Z,Collision Roll,Collision Pitch,Collision Yaw,Collision Mesh Filename,Material Name,SW Components,Coordinate System,Axis Name,Joint Name,Joint Type,Joint Origin X,Joint Origin Y,Joint Origin Z,Joint Origin Roll,Joint Origin Pitch,Joint Origin Yaw,Parent,Joint Axis X,Joint Axis Y,Joint Axis Z,Limit Effort,Limit Velocity,Limit Lower,Limit Upper,Calibration rising,Calibration falling,Dynamics Damping,Dynamics Friction,Safety Soft Upper,Safety Soft Lower,Safety K Position,Safety K Velocity
chest,-1.32770175052752E-06,-0.0263455785576096,0.000264952578127479,0,0,0,1.00632727294683,0.000711647332096615,9.26200726451959E-09,-1.35110887248849E-07,0.00104142086512871,6.46237132434607E-06,0.000787833187397596,0,0,0,0,0,0,package://new_hand_chessrobot_v3/meshes/chest.STL,1,1,1,1,0,0,0,0,0,0,package://new_hand_chessrobot_v3/meshes/chest.STL,,chest_upper-1;herkulex_0601-1;herkulex_0601-2;herkulex_0601-3;chest_middle-1;60a_breaker-1;herkulex_0201-1,Origin_global,,,,0,0,0,0,0,0,,0,0,0,,,,,,,,,,,,
neck,0.00046369078765372,0.00902012394205853,3.10387747240459E-08,0,0,0,0.00594063211107277,7.14031423861983E-07,-1.00193578163678E-08,3.26838990178119E-12,1.81302717415531E-06,-3.65212289522024E-13,2.04030832261222E-06,0,0,0,0,0,0,package://new_hand_chessrobot_v3/meshes/neck.STL,0.501960784313725,0.501960784313725,0.501960784313725,1,0,0,0,0,0,0,package://new_hand_chessrobot_v3/meshes/neck.STL,,neck-1,Origin_neckturn,Axis_neckturn,neckturn,continuous,0,-0.0453281774166154,0.0833000000000035,1.57079632679497,0,-3.14159265358979,chest,0,1,0,,,,,,,,,,,,
head,0.000575282707731308,0.0464752738290693,-0.0059974784951019,0,0,0,0.541447558959362,0.00105004440329355,-1.46392553944759E-09,4.20338329403848E-07,0.00206250671247771,-1.08983325195597E-05,0.00166216262335985,0,0,0,0,0,0,package://new_hand_chessrobot_v3/meshes/head.STL,0.752941176470588,0.752941176470588,0.752941176470588,1,0,0,0,0,0,0,package://new_hand_chessrobot_v3/meshes/head.STL,,head_assm-1,Origin_headnod,Axis_headnod,headnod,continuous,0,0.0199999999999965,0,-3.14159265358972,0,-3.14159265358979,neck,1,0,0,,,,,,,,,,,,
shoulder_left,0.0379678486277052,0.000769141894110044,-2.39213562727714E-06,0,0,0,0.186599858943339,5.17887698655445E-05,-3.61314731232369E-07,-2.69385131196159E-09,6.55209131446413E-05,2.51731244782459E-07,7.48890121403808E-05,0,0,0,0,0,0,package://new_hand_chessrobot_v3/meshes/shoulder_left.STL,0.498039215686275,0.498039215686275,0.498039215686275,1,0,0,0,0,0,0,package://new_hand_chessrobot_v3/meshes/shoulder_left.STL,,herkulex_0601-16;shoulder_spin_left-1;Gearbox_Assembly-3/24T_Carrier-1;Gearbox_Assembly-3/Planetary_Cap-1,Origin_shoulderspin_left,Axis_shoulderspin_left,shoulderspin_left,continuous,0.0895930270334383,-0.049988176702159,0.0336999979412967,3.14159265358979,0,0,chest,1,0,0,,,,,,,,,,,,
bicep_left,0.0702445761013694,-0.00493535596669138,0.0408818619140977,0,0,0,0.225660381876212,6.79527039546211E-05,2.38607126311609E-06,-2.04705075450225E-05,0.000124093043744818,1.36497795402325E-06,8.85078218751491E-05,0,0,0,0,0,0,package://new_hand_chessrobot_v3/meshes/bicep_left.STL,1,1,1,1,0,0,0,0,0,0,package://new_hand_chessrobot_v3/meshes/bicep_left.STL,,16-24RingArms-1;front_shoulder_left-1;back_shoulder_left-1;herkulex_0601-17,Origin_biceplift_left,Rotation Axis <herkulex_0601-16>,biceplift_left,continuous,0.0555069729665617,0,0,0,-1.04719755119659,-3.14159265358979,shoulder_left,0,1,0,,,,,,,,,,,,
forearm_left,-0.0116018774091376,0.000299738700780122,0.0422470684527606,0,0,0,0.122044769253099,2.03774107426745E-05,7.27688680383401E-08,1.08071533182419E-06,3.66920316789189E-05,-4.87769667187997E-07,2.6011039574231E-05,0,0,0,0,0,0,package://new_hand_chessrobot_v3/meshes/forearm_left.STL,1,1,1,1,0,0,0,0,0,0,package://new_hand_chessrobot_v3/meshes/forearm_left.STL,,outer_bicep_left-1;inner_bicep_left-1;herkulex_0201-7,Origin_elbow_left,Axis_elbow_left,elbow_left,continuous,0.0894604242109254,-0.00599999999998415,0.0516499999999964,-1.04719755119659,0,-1.5707963267949,bicep_left,0,1,0,,,,,,,,,,,,
wrist_left,-0.0335929920291964,-1.70693870963495E-06,-5.99015105048617E-05,0,0,0,0.0865850220257676,1.05400734819737E-05,-6.09868648720564E-10,2.78063356862743E-07,1.94215268783494E-05,7.78245538670307E-12,1.69864421955194E-05,0,0,0,0,0,0,package://new_hand_chessrobot_v3/meshes/wrist_left.STL,1,1,1,1,0,0,0,0,0,0,package://new_hand_chessrobot_v3/meshes/wrist_left.STL,,wrist_spin_left-1;herkulex_0201-6,Origin_wristspin_left,Axis_wristspin_left,wristspin_left,continuous,0,0,0.0626303651163351,1.5707963267949,1.5707963267949,0,forearm_left,1,0,0,,,,,,,,,,,,
hand_left,-0.000580828678433037,-0.0639038608511408,-0.0199275641415545,0,0,0,0.261605011870779,0.000137395923627159,3.59002082782849E-07,7.40253801433587E-07,0.000160107989213102,-5.96586565522434E-06,5.58705388455681E-05,0,0,0,0,0,0,package://new_hand_chessrobot_v3/meshes/hand_left.STL,0.501960784313725,0.501960784313725,0.501960784313725,1,0,0,0,0,0,0,package://new_hand_chessrobot_v3/meshes/hand_left.STL,,Wrist Base Left-1;chessHand-2/chess_holding_stand_in-1;chessHand-2/extension_bar-5;chessHand-2/extension_bar-2;chessHand-2/extension_bar-4;chessHand-2/yoke_cap-1;chessHand-2/extension_bar-3;chessHand-2/motor_to_yoke-1;chessHand-2/herkulex_0201-1;chessHand-2/yoke-1;chessHand-2/h201_motorcap-1;chessHand-2/h201_motorholder-1,Origin_handcurl_left,Axis_handcurl_left,handcurl_left,continuous,-0.0479000000000002,0,-0.000394048821713455,1.5707963267949,1.5707963267949,0,wrist_left,1,0,0,,,,,,,,,,,,
finger_left,0.0135373671309235,-0.0498621786179829,-0.000154879226468979,0,0,0,0.0127058587951654,1.57693368597968E-05,-2.44628924489571E-14,-1.67356572097249E-12,1.1115243374354E-06,3.24366241998329E-11,1.5175568869521E-05,0,0,0,0,0,0,package://new_hand_chessrobot_v3/meshes/finger_left.STL,0.894117647058823,0.894117647058823,0.894117647058823,1,0,0,0,0,0,0,package://new_hand_chessrobot_v3/meshes/finger_left.STL,,chessHand-1/finger-1;chessHand-1/finger-2,Origin_finger_left,Axis_finger_left,fingerpinch_left,continuous,-0.290518097246255,-0.0749004910591797,-0.0268681688628251,1.57079867677557,0.0527293275473842,-1.57079608520064,hand_left,-0.996766416670071,-0.0803536595227858,0,,,,,,,,,,,,
shoulder_right,0.0379680901892698,2.22684844303905E-06,-0.000769167487754976,0,0,0,0.18659811403661,5.17881121420847E-05,2.55947007632292E-09,3.6125882498173E-07,7.48884639271729E-05,2.52137762922712E-07,6.55204577677174E-05,0,0,0,0,0,0,package://new_hand_chessrobot_v3/meshes/shoulder_right.STL,1,1,1,1,0,0,0,0,0,0,package://new_hand_chessrobot_v3/meshes/shoulder_right.STL,,shoulder_spin_right-1;herkulex_0601-14;Gearbox_Assembly-4/24T_Carrier-1;Gearbox_Assembly-4/Planetary_Cap-1,Origin_shoulderspin_right,Axis_shoulderspin_right,shoulderspin_right,continuous,-0.0895930270334385,-0.049988176702158,0.0336999979412964,1.5707963267949,0,3.14159265358979,chest,1,0,0,,,,,,,,,,,,
bicep_right,0.0705270203071907,-0.00493532037178976,0.0403926582996166,0,0,0,0.225660394342291,6.56410838040035E-05,2.37507281160995E-06,-1.91358695792486E-05,0.000124093056202559,1.38405629472595E-06,9.08195339562675E-05,0,0,0,0,0,0,package://new_hand_chessrobot_v3/meshes/bicep_right.STL,1,1,1,1,0,0,0,0,0,0,package://new_hand_chessrobot_v3/meshes/bicep_right.STL,,16-24RingArms-2;front_shoulder_right-1;back_shoulder_right-1;herkulex_0601-15,Origin_biceplift_right,Rotation Axis <herkulex_0601-14>,biceplift_right,continuous,0.0555069729665654,0,0,1.57079632679489,0,-1.04719755119659,shoulder_right,0,1,0,,,,,,,,,,,,
forearm_right,-0.0116017214235954,-0.000299520475330578,0.0420807011385142,0,0,0,0.122045401090251,2.03773003977648E-05,-7.28689791959778E-08,1.08074481482016E-06,3.66920537870332E-05,4.8784917083999E-07,2.60111325279507E-05,0,0,0,0,0,0,package://new_hand_chessrobot_v3/meshes/forearm_right.STL,1,1,1,1,0,0,0,0,0,0,package://new_hand_chessrobot_v3/meshes/forearm_right.STL,,outer_bicep_right-1;herkulex_0201-4;inner_bicep_right-1,Origin_elbow_right,Axis_elbow_right,elbow_right,continuous,0.0894604242109322,-0.00599999999996398,0.0516500000000004,-1.04719755119659,0,-1.5707963267949,bicep_right,0,1,0,,,,,,,,,,,,
wrist_right,-0.0335929846557362,-1.69205097345221E-06,5.99037180256112E-05,0,0,0,0.0865849876578522,1.05400662019212E-05,-5.65461657596352E-10,-2.78066499354655E-07,1.94215145770143E-05,-2.36733274791004E-12,1.6986427114219E-05,0,0,0,0,0,0,package://new_hand_chessrobot_v3/meshes/wrist_right.STL,1,1,1,1,0,0,0,0,0,0,package://new_hand_chessrobot_v3/meshes/wrist_right.STL,,wrist_spin_right-1;herkulex_0201-5,Origin_wristspin_right,Axis_wristspin_right,wristspin_right,continuous,0,0,0.0623798575458761,1.5707963267949,1.5707963267949,0,forearm_right,1,0,0,,,,,,,,,,,,
hand_right,0.000498127600814607,-0.062095935349212,-0.0249980153030302,0,0,0,0.261605299418163,0.000137395916495923,6.58173439866473E-07,8.08557225475903E-07,0.000160390731982419,2.45995197874974E-06,5.55881045512682E-05,0,0,0,0,0,0,package://new_hand_chessrobot_v3/meshes/hand_right.STL,0.501960784313725,0.501960784313725,0.501960784313725,1,0,0,0,0,0,0,package://new_hand_chessrobot_v3/meshes/hand_right.STL,,Wrist Base Right-1;chessHand-1/chess_holding_stand_in-1;chessHand-1/extension_bar-5;chessHand-1/extension_bar-2;chessHand-1/yoke_cap-1;chessHand-1/extension_bar-3;chessHand-1/motor_to_yoke-1;chessHand-1/herkulex_0201-1;chessHand-1/yoke-1;chessHand-1/h201_motorcap-1;chessHand-1/h201_motorholder-1;chessHand-1/extension_bar-4,Origin_handcurl_right,Axis_handcurlright <Wrist Base Right-1>,handcurl_right,continuous,-0.0479,0,0.00039405,1.5708,1.5708,0,wrist_right,1,0,0,,,,,,,,,,,,
finger_right,0.0135373676628627,-0.0498621785048429,-0.00015488364555849,0,0,0,0.0127058587289329,1.57693368115857E-05,4.24073375985489E-14,-1.81370179369294E-12,1.11152433396991E-06,3.33121487678113E-11,1.51755688256757E-05,0,0,0,0,0,0,package://new_hand_chessrobot_v3/meshes/finger_right.STL,0.894117647058823,0.894117647058823,0.894117647058823,1,0,0,0,0,0,0,package://new_hand_chessrobot_v3/meshes/finger_right.STL,,chessHand-2/finger-1;chessHand-2/finger-2,Origin_finger_right,Axis_handcurl_left,fingerpinch_right,continuous,0.29026,-0.077317,-0.020743,1.5708,-0.027711,-1.5708,hand_right,0,0,-1,,,,,,,,,,,,
waist,3.95740482894216E-08,-0.0234756229518391,-0.0260499610295543,0,0,0,0.0611612119510057,0.000114715794582853,8.31382521359771E-11,-1.62797170941185E-11,0.000110281584684903,-6.66882916478404E-06,4.69039334189369E-05,0,0,0,0,0,0,package://new_hand_chessrobot_v3/meshes/waist.STL,0.498039215686275,0.498039215686275,0.498039215686275,1,0,0,0,0,0,0,package://new_hand_chessrobot_v3/meshes/waist.STL,,chest_rotate-1,Origin_chestturn,Axis_chestturn,chestturn,continuous,0,-0.0499881767021596,-0.0948999999999957,1.5707963267949,0,0,chest,0,1,0,,,,,,,,,,,,
abdominals,-0.0163421916937603,0.0256590385623448,0.00018933092702945,0,0,0,0.354834190169342,0.000118854106285971,2.86474483660368E-06,-1.37081445447893E-06,0.000137814112832625,1.81278511303256E-08,0.000154972204999546,0,0,0,0,0,0,package://new_hand_chessrobot_v3/meshes/abdominals.STL,0.498039215686275,0.498039215686275,0.498039215686275,1,0,0,0,0,0,0,package://new_hand_chessrobot_v3/meshes/abdominals.STL,,herkulex_0601-4;chest_lower-1;herkulex_0601-5;5972K242_Ball Bearing-1,Origin_waistlean,Axis_waistlean,waistlean,continuous,0,-0.0689900000000004,0,-1.57079628179123,0,-1.57079637971789,waist,0,1,0,,,,,,,,,,,,
pelvis,0.0733083644542089,0.000220890772499169,-0.0116372750130977,0,0,0,0.352160995879202,0.000110135151041844,1.78396057982188E-06,-4.40523735930753E-07,0.000157929413047963,-3.90561441279973E-07,0.000140664786810585,0,0,0,0,0,0,package://new_hand_chessrobot_v3/meshes/pelvis.STL,1,1,1,1,0,0,0,0,0,0,package://new_hand_chessrobot_v3/meshes/pelvis.STL,,Pelvis Connector-1;herkulex_0601-6;herkulex_0601-7,Origin_abdominalcrunch,Rotation Axis <herkulex_0601-5>,abdominalcrunch,continuous,0,0.00390000028090912,0,1.57079628179123,0,0,abdominals,0,-0.999999999999999,0,,,,,,,,,,,,
hip_left,-0.0159417169654498,-0.0507406152253149,-0.000107116001540966,0,0,0,0.178323498256665,7.4827842366887E-05,-4.30291643822596E-06,2.1519738951529E-06,8.36514436633752E-05,1.34592826465676E-06,5.32447147726491E-05,0,0,0,0,0,0,package://new_hand_chessrobot_v3/meshes/hip_left.STL,1,1,1,1,0,0,0,0,0,0,package://new_hand_chessrobot_v3/meshes/hip_left.STL,,MirrorThigh Lift-1;herkulex_0601-9,Origin_hiplift_left,Axis_hiplift_left,hiplift_left,fixed,0.0922000000000364,0.0216504605153932,-0.0122499987463194,-3.14159260865937,0,0,pelvis,0,0,0,,,,,,,,,,,,
hipconnector_left,0.000393524457958136,0.00115232567939694,-0.0145122044522819,0,0,0,0.169598283694751,5.76101986575946E-05,-1.34519515636246E-10,-1.36543495955472E-06,7.23852586508234E-05,-2.4646091559233E-07,4.31561590884796E-05,0,0,0,0,0,0,package://new_hand_chessrobot_v3/meshes/hipconnector_left.STL,1,1,1,1,0,0,0,0,0,0,package://new_hand_chessrobot_v3/meshes/hipconnector_left.STL,,Thigh Spin-2;herkulex_0601-11,Origin_hiprotate_left,Axis_hiprotate_left,hiprotate_left,continuous,0.0338004617004821,-0.0529559999948841,-0.0147414998447737,3.14159265358979,0,-1.5707963267949,hip_left,0,1,0,,,,,,,,,,,,
thigh_left,-0.016676713463605,-0.146730218972255,-7.21176366819121E-08,0,0,0,0.212617509339388,0.000175748172179437,-1.57242425285034E-05,-2.83783400802017E-10,7.51307562911668E-05,-7.16943827159695E-10,0.00020410300456129,0,0,0,0,0,0,package://new_hand_chessrobot_v3/meshes/thigh_left.STL,1,1,1,1,0,0,0,0,0,0,package://new_hand_chessrobot_v3/meshes/thigh_left.STL,,thigh_right-1;herkulex_0601-13;Gearbox_Assembly-2/Planetary_Cap-1;Gearbox_Assembly-2/24T_Carrier-1,Origin_thighlift_left,Rotation Axis <herkulex_0601-11>,thighlift_left,continuous,0,0,0,0,0,0,hipconnector_left,-1,0,0,,,,,,,,,,,,
shin_left,-0.019194775272356,-0.107044109961474,5.640183565854E-05,0,0,0,0.469932478922806,0.00124519118459521,-3.91808530108032E-06,1.13537837713796E-07,0.000136269320339026,2.0997347085133E-06,0.001189303073533,0,0,0,0,0,0,package://new_hand_chessrobot_v3/meshes/shin_left.STL,0.843137254901961,0.815686274509804,0.752941176470588,1,0,0,0,0,0,0,package://new_hand_chessrobot_v3/meshes/shin_left.STL,,HRB_11.1v_battery_cell-1;calf_left-1;16-24Ring-2,Origin_knee_left,Axis_knee_left,knee_left,continuous,0,-0.182000000000035,0,0,0,0,thigh_left,1,0,0,,,,,,,,,,,,
foot_left,0.0210216601276985,-0.0197085232415522,0.00769660342085229,0,0,0,0.136967762952626,0.000112329385185666,3.80693092034341E-07,-5.16850576036831E-06,0.000105589304557507,1.90433299452634E-06,3.9629711396252E-05,0,0,0,0,0,0,package://new_hand_chessrobot_v3/meshes/foot_left.STL,0.894117647058823,0.894117647058823,0.894117647058823,1,0,0,0,0,0,0,package://new_hand_chessrobot_v3/meshes/foot_left.STL,,herkulex_0201-3;foot_left-1;rubber_sole-2,Origin_ankle_left,Axis_ankle_left,ankle_left,continuous,0,-0.208999999999965,0,0,0,-1.5707963267949,shin_left,0,1,0,,,,,,,,,,,,
hip_right,-0.015941791210192,-0.0507404511029863,-0.0121426351961094,0,0,0,0.178325355975798,7.48309288461478E-05,-4.30389426013544E-06,-2.15169271927906E-06,8.36532005150473E-05,-1.34572050052074E-06,5.32477710837083E-05,0,0,0,0,0,0,package://new_hand_chessrobot_v3/meshes/hip_right.STL,1,1,1,1,0,0,0,0,0,0,package://new_hand_chessrobot_v3/meshes/hip_right.STL,,Thigh Lift-1;herkulex_0601-8,Origin_hiplift_right,Axis_hiplift_right,hiplift_right,continuous,0.0922000000000004,-0.021550001743436,0,0,0,0,pelvis,0,0,0.999999999999999,,,,,,,,,,,,
hipconnector_right,-0.0254977488391039,0.000393619882172236,-0.0145121796908254,0,0,0,0.169598085489857,7.2385102812854E-05,1.32845970789684E-10,-2.46476719785441E-07,5.76100469655461E-05,-1.36479918772833E-06,4.31561544440694E-05,0,0,0,0,0,0,package://new_hand_chessrobot_v3/meshes/hipconnector_right.STL,1,1,1,1,0,0,0,0,0,0,package://new_hand_chessrobot_v3/meshes/hipconnector_right.STL,,Thigh Spin-1;herkulex_0601-10,Origin_hiprotate_right,Axis_hiprotate_right,hiprotate_right,continuous,0.00714999999999943,-0.0529560001117616,0.00249149762454478,0,0,3.14159265358979,hip_right,1,0,0,,,,,,,,,,,,
thigh_right,0.0166772397774255,-0.146730065058532,6.36745466353617E-08,0,0,0,0.212620577295065,0.000175734736472237,1.57307496856079E-05,-1.70016553992494E-10,7.51349724495786E-05,2.3292208880981E-11,0.000204093341940694,0,0,0,0,0,0,package://new_hand_chessrobot_v3/meshes/thigh_right.STL,1,1,1,1,0,0,0,0,0,0,package://new_hand_chessrobot_v3/meshes/thigh_right.STL,,thigh_left-1;herkulex_0601-12;Gearbox_Assembly-1/Planetary_Cap-1;Gearbox_Assembly-1/24T_Carrier-1,Origin_thighlift_right,Axis_thighlift_right,thighlift_right,continuous,-0.0266500000000009,0,0,0,0,-1.57079632679489,hipconnector_right,1,0,0,,,,,,,,,,,,
shin_right,0.0819643742752873,0.0191947777743112,0.0688499081184518,0,0,0,0.469931841508025,0.00057342437415615,-2.92761321234693E-06,-0.000518881117511864,0.00124518766278255,-2.60512615956541E-06,0.000752143943402968,0,0,0,0,0,0,package://new_hand_chessrobot_v3/meshes/shin_right.STL,1,1,1,1,0,0,0,0,0,0,package://new_hand_chessrobot_v3/meshes/shin_right.STL,,16-24Ring-1;HRB_11.1v_battery_cell-2;calf_right-1,Origin_knee_right,Axis_knee_right,knee_right,continuous,0,-0.182,0,0,0.698131851508002,-1.5707963267949,thigh_right,0,1,0,,,,,,,,,,,,
foot_right,0.021104594356586,-0.0197079221598081,-0.00769985037238753,0,0,0,0.136984835418076,0.000112348856972103,3.79942957906741E-07,5.16783913909236E-06,0.000105604590956572,-1.90153167869933E-06,3.96355891627283E-05,0,0,0,0,0,0,package://new_hand_chessrobot_v3/meshes/foot_right.STL,0.894117647058823,0.894117647058823,0.894117647058823,1,0,0,0,0,0,0,package://new_hand_chessrobot_v3/meshes/foot_right.STL,,herkulex_0201-2;foot_right-1;rubber_sole-1,Origin_ankle_right,Axis_ankle_right,ankle_right,continuous,0.160103288611867,0,0.134342610424486,3.14159265358979,-0.698131851508002,0,shin_right,0,1,0,,,,,,,,,,,,
